mysql> show tables;
+------------------------------+
| Tables_in_recruitment_system |
+------------------------------+
| candidates                   |
| funds                        |
| interviews                   |
| users                        |
+------------------------------+
4 rows in set (0.00 sec)

mysql> select *from candidates;
+----+-----------------+-----------------+-------------+------------------+------------+-----------+------------+-----------------+-----------------+-----------+---------------------+------------------+---------+
| id | name            | position        | phone       | email            | source     | education | experience | expected_salary | process         | status    | created_at          | interview_status | fund_id |
+----+-----------------+-----------------+-------------+------------------+------------+-----------+------------+-----------------+-----------------+-----------+---------------------+------------------+---------+
|  1 | 李四            | 前端工程师      | 13800138001 | lisi@example.com | Boss直聘   | 硕士      | 5年        | 20K-25K         | first-interview | confirmed | 2025-12-03 11:03:03 | unconfirmed      |       1 |
|  2 | 镜流            | 骑手            | 18108735189 |                  |            |           |            |                 | invite          | pending   | 2025-12-08 15:09:38 | unconfirmed      |       1 |
|  3 | 景元            | 前端工程师      | 18108735189 |                  |            |           |            |                 | invite          | pending   | 2025-12-08 16:17:49 | pending          |       1 |
|  4 | 测试候选人      | 软件工程师      | 13800138000 |                  |            |           |            |                 | invite          | pending   | 2025-12-09 16:47:21 | pending          |       1 |
|  5 | 我              | 骑手            | 18108735189 |                  |            |           |            |                 | invite          | pending   | 2025-12-09 22:43:01 | pending          |       5 |
+----+-----------------+-----------------+-------------+------------------+------------+-----------+------------+-----------------+-----------------+-----------+---------------------+------------------+---------+
5 rows in set (0.01 sec)

mysql> select *from funds;
+----+--------------------+---------+--------------+------------+---------------------+-----------------+-------------+------------------+--------+
| id | name               | amount  | platform     | date       | created_at          | position        | recharge_by | recharge_by_name | status |
+----+--------------------+---------+--------------+------------+---------------------+-----------------+-------------+------------------+--------+
|  1 | 202512前程无忧     | 5000.00 | 前程无忧     | 2025-11-28 | 2025-12-03 10:45:38 | 前端工程师      |        NULL | 未知             | using  |
|  2 |                    | 5000.00 | 前程无忧     | 2025-12-01 | 2025-12-03 10:51:10 | 前端工程师      |           1 | NULL             | using  |
|  3 | 测试资金           | 1000.00 | 测试平台     | 2025-12-03 | 2025-12-03 16:34:52 | 测试岗位        |        NULL | NULL             | unused |
|  4 | 瓦达我的           |  200.00 | 爱我的       | 2025-11-30 | 2025-12-03 16:35:52 | 啊我的          |        NULL | NULL             | unused |
|  5 | 202512前程无忧     |  250.00 | 前程无忧     | 2025-12-09 | 2025-12-09 15:03:31 | 骑手            |        NULL | 陈华敏           | using  |
+----+--------------------+---------+--------------+------------+---------------------+-----------------+-------------+------------------+--------+
5 rows in set (0.00 sec)

mysql> select *from interviews;
+----+--------------+--------+-------------+-------------+------------+----------+----------+-----------+----------+--------+---------------------+---------------------+
| id | candidate_id | title  | description | interviewer | date       | time     | location | status    | feedback | rating | created_at          | updated_at          |
+----+--------------+--------+-------------+-------------+------------+----------+----------+-----------+----------+--------+---------------------+---------------------+
|  7 |            2 | 一面   |             | 李主管      | 2025-12-09 | 15:51:00 | 客户     | scheduled |          |      0 | 2025-12-08 15:52:04 | 2025-12-08 15:52:04 |
|  8 |            1 | 一面   |             | 张经理      | 2025-12-09 | 16:01:00 | adw      | scheduled |          |      0 | 2025-12-08 16:01:14 | 2025-12-08 16:01:14 |
+----+--------------+--------+-------------+-------------+------------+----------+----------+-----------+----------+--------+---------------------+---------------------+
2 rows in set (0.00 sec)

mysql> select *from users;
+----+----------+--------------------------------------------------------------+-----------+-------+---------------------+
| id | username | password                                                     | name      | role  | created_at          |
+----+----------+--------------------------------------------------------------+-----------+-------+---------------------+
|  1 | admin    | $2b$10$rVHMO/JNdKYuPqknQ.f7ouJihwUMwOz/FDnBfVsNudPCvpg7yv.VK | 管理员    | admin | 2025-12-03 11:00:38 |
+----+----------+--------------------------------------------------------------+-----------+-------+---------------------+
1 row in set (0.01 sec)

mysql> 
+------------------+-----------------------------------------+------+-----+-------------------+-------------------+
| Field            | Type                                    | Null | Key | Default           | Extra             |
+------------------+-----------------------------------------+------+-----+-------------------+-------------------+
| id               | int                                     | NO   | PRI | NULL              | auto_increment    |
| name             | varchar(100)                            | NO   |     |                   |                   |
| amount           | decimal(10,2)                           | NO   |     | NULL              |                   |
| platform         | varchar(100)                            | NO   |     | NULL              |                   |
| date             | date                                    | NO   |     | NULL              |                   |
| created_at       | timestamp                               | YES  |     | CURRENT_TIMESTAMP | DEFAULT_GENERATED |
| position         | varchar(100)                            | YES  |     | NULL              |                   |
| recharge_by      | int                                     | YES  | MUL | NULL              |                   |
| recharge_by_name | varchar(100)                            | YES  |     | NULL              |                   |
| status           | enum('unused','using','used','expired') | NO   |     | unused            |                   |
+------------------+-----------------------------------------+------+-----+-------------------+-------------------+